Sergey Elc, 836224114, /time
Sergey Elc, 836224114, /hi
Sergey Elc, 836224114, /pic
Sergey Elc, 836224114, /pic
Sergey Elc, 836224114, /pic
Sergey Elc, 836224114, /pic
Sergey Elc, 836224114, /pic
Sergey Elc, 836224114, /pic
Sergey Elc, 836224114, /pic
Sergey Elc, 836224114, /pic
Sergey Elc, 836224114, /pic
Sergey Elc, 836224114, /pic
Sergey Elc, 836224114, /pic
Sergey Elc, 836224114, /pic
Sergey Elc, 836224114, /pic
Sergey Elc, 836224114, /pic
Sergey Elc, 836224114, /pic
Sergey Elc, 836224114, /pic
Sergey Elc, 836224114, /pic
Sergey Elc, 836224114, /pic
Sergey Elc, 836224114, /pic
Sergey Elc, 836224114, /pic
Sergey Elc, 836224114, /pic
Sergey Elc, 836224114, /fox
Sergey Elc, 836224114, /fox
Sergey Elc, 836224114, /fox
Sergey Elc, 836224114, /time
Sergey Elc, 836224114, /time
Sergey Elc, 836224114, /time
Sergey Elc, 836224114, /time
Sergey Elc, 836224114, /help
Exc, 675637064, /help
Exc, 675637064, /hi
Sergey Elc, 836224114, /help
Sergey Elc, 836224114, /fox
Exc, 675637064, /time
Exc, 675637064, /sum
Exc, 675637064, /fox
–ê–ª–ª–∞, 722412883, /fox
–ê–ª–ª–∞, 722412883, /hi
Sergey Elc, 836224114, /sum 1231 31241
–ê–ª–ª–∞, 722412883, /sum
Exc, 675637064, /sum 2+2
Sergey Elc, 836224114, /fox@elc_se_bot
Exc, 675637064, /fox@elc_se_bot
Sergey Elc, 836224114, /fox
Exc, 675637064, /fox
–ê–ª–ª–∞, 722412883, /sum 565+45488
Exc, 675637064, /sum
Sergey Elc, 836224114, /help
Exc, 675637064, /sum 2 + 2
Sergey Elc, 836224114, /sum 2 2
Exc, 675637064, /sum 12345679 9
Sergey Elc, 836224114, /fox
–ê–ª–ª–∞, 722412883, /sum 4548 48548
–î–∞—à–∞ üê∞, 5283801739, /sum 2 2
–î–∞—à–∞ üê∞, 5283801739, /fox
–î–∞—à–∞ üê∞, 5283801739, /fox
–î–∞—à–∞ üê∞, 5283801739, /fox
–î–∞—à–∞ üê∞, 5283801739, /fox
–î–∞—à–∞ üê∞, 5283801739, /fox
–î–∞—à–∞ üê∞, 5283801739, /fox
–î–∞—à–∞ üê∞, 5283801739, /fox
–î–∞—à–∞ üê∞, 5283801739, /fox
–î–∞—à–∞ üê∞, 5283801739, /fox
–î–∞—à–∞ üê∞, 5283801739, /fox
–î–∞—à–∞ üê∞, 5283801739, /fox
–î–∞—à–∞ üê∞, 5283801739, /fox
–î–∞—à–∞ üê∞, 5283801739, /fox
–î–∞—à–∞ üê∞, 5283801739, /fox
–î–∞—à–∞ üê∞, 5283801739, /fox
–î–∞—à–∞ üê∞, 5283801739, /fox
–î–∞—à–∞ üê∞, 5283801739, /sum eidfjioedfikjoesjfeo  dofjoejf oejfoejf
–î–∞—à–∞ üê∞, 5283801739, /sum 132532165462546524572547628648268 32847287482748192749127497129847291749274
–î–∞—à–∞ üê∞, 5283801739, /sum 9999999999999999999999999999999999999999999999999999999999999999999999999999999999999999999999999999999999999999999999999999999999999999999999999999999999999999999999999999999999999999999999999999999999999999999999999999999999999999999999999999999999999999999999999999999999999999999999999999999999999999999999999999999999999999999999999999999999999999999999999999999999999999999999999999999999999999999999999999999999999999999999999999999999999999999999999999999999999999999999999999999999999999999999999999999999999999999999999 1
Sergey Elc, 836224114, /fox
Sergey Elc, 836224114, /dog
Sergey Elc, 836224114, /dog
Sergey Elc, 836224114, /fox
Sergey Elc, 836224114, /fox
Sergey Elc, 836224114, /fox
Sergey Elc, 836224114, /fox
A B, 5452153912, /help
Sergey Elc, 836224114, /fox
A B, 5452153912, /fox
A B, 5452153912, /fox
A B, 5452153912, /fox
A B, 5452153912, /fox
A B, 5452153912, /fox
A B, 5452153912, /fox
A B, 5452153912, /fox
A B, 5452153912, /fox
A B, 5452153912, /fox
A B, 5452153912, /fox
A B, 5452153912, /fox
A B, 5452153912, /fox
Sergey Elc, 836224114, /fox
Sergey Elc, 836224114, /fox
Sergey Elc, 836224114, /fox
Sergey Elc, 836224114, /fox
Sergey Elc, 836224114, /cat
Sergey Elc, 836224114, /cat
A B, 5452153912, /cat
Sergey Elc, 836224114, /cat
Sergey Elc, 836224114, /cat
Sergey Elc, 836224114, /cat
Sergey Elc, 836224114, /dog
Sergey Elc, 836224114, /dog
Sergey Elc, 836224114, /dog
Sergey Elc, 836224114, /dog
Sergey Elc, 836224114, /dog
Sergey Elc, 836224114, /fox
Sergey Elc, 836224114, /cat
Sergey Elc, 836224114, /cat
Sergey Elc, 836224114, /cat
Sergey Elc, 836224114, /cat
Sergey Elc, 836224114, /dog
–î–º–∏—Ç—Ä–∏–π –†—è–±–æ–≤, 344388603, /help
Sergey Elc, 836224114, /fox
Sergey Elc, 836224114, /dog
–ï–≤–≥–µ–Ω–∏–π –ì—É—Ä–µ–Ω–∫–æ–≤, 1425852586, /fox
O. B., 217072964, /sum
Sergey Elc, 836224114, /sum 2 2
O. B., 217072964, /sum 984530945803924850948 30857304958039485709485
Sergey Elc, 836224114, /help
Sergey Elc, 836224114, /time@elc_se_bot
Dari_Gorde, 541918795, /help
Dari_Gorde, 541918795, /dog
Sergey Elc, 836224114, /dog@elc_se_bot
Sergey Elc, 836224114, /cat@elc_se_bot
Sergey Elc, 836224114, /fox@elc_se_bot
Dari_Gorde, 541918795, /fox
–î–º–∏—Ç—Ä–∏–π –†—è–±–æ–≤, 344388603, /cat
Sergey Elc, 836224114, /cat
Sergey Elc, 836224114, /cat
Sergey Elc, 836224114, /cat
Sergey Elc, 836224114, /cat
–°–µ—Ä–≥–µ–π, 1743239759, /cat@elc_se_bot
–ò–≥–æ—Ä—å :) Strikebreaker, 937662467, /cat@elc_se_bot
